site,model,fold,accuracy,macro_f1,weighted_f1,latency_median_ms,latency_p95_ms,checkpoint_mb
digital,mlp,1,0.9577142857142856,0.9572444739586728,0.9572112660776394,3.0277955000030943,3.2388598000380853,1.032463
digital,mlp,2,0.9714285714285714,0.9711531513630464,0.9712181427197064,2.2217769999883785,2.7078886999731826,1.032463
digital,mlp,3,0.9668571428571427,0.96660355587489,0.9666321533604454,2.493746999959967,3.387700749965461,1.032463
digital,mlp,4,0.9862857142857144,0.98630339132852,0.9863156126259268,3.0218155000056868,3.347710900027323,1.032463
digital,mlp,5,0.9794050343249427,0.9795130653734662,0.9794661845161972,2.439680999941629,2.9544443500924444,1.032463
digital,cnn1d,1,0.968,0.9678961763167152,0.9678714324744172,6.856728500054032,8.44600149999906,3.111098
digital,cnn1d,2,0.9977142857142856,0.9977090088126244,0.9977142723103808,8.213095999963116,8.810340600030031,3.111098
digital,cnn1d,3,0.9954285714285714,0.9954214378112298,0.9954281514106398,6.410704000018086,8.146568950064648,3.111098
digital,cnn1d,4,0.9988571428571428,0.9988584340999808,0.998857129453238,5.556945000023461,6.035251749932513,3.111098
digital,cnn1d,5,0.9988558352402744,0.9988584340999808,0.9988558218210334,5.827517500051727,8.47692010001424,3.111098
digital,cnn2d,1,0.9965714285714286,0.9965712583819488,0.9965712943430852,6.318073999977969,6.61113515000693,0.927468
digital,cnn2d,2,0.9954285714285714,0.99542594423261,0.995432498772705,5.342838000046868,6.503272500020785,0.927468
digital,cnn2d,3,0.9942857142857144,0.9942701872526434,0.9942836890205312,4.807926000069074,6.244164950066989,0.927468
digital,cnn2d,4,0.9942857142857144,0.9942837866840544,0.9942851903767724,4.568495999990319,5.190811049982358,0.927468
digital,cnn2d,5,0.9988558352402744,0.9988584340999808,0.9988558218210334,4.969583500042063,5.689286049965859,0.927468
radial,mlp,1,0.9725714285714284,0.9725523453093532,0.9725209765611352,1.993143499987582,2.2788371999922674,1.032463
radial,mlp,2,0.9508571428571428,0.9506689340396198,0.95075397947212,2.069634000008591,2.2486569999955464,1.032463
radial,mlp,3,0.9645714285714284,0.9644382181673686,0.9644898067074296,2.053002999957698,2.382012699985125,1.032463
radial,mlp,4,0.9542857142857144,0.9547468671783224,0.9547557247791764,3.2023379999941426,3.537108500040631,1.032463
radial,mlp,5,0.982837528604119,0.9829079677666566,0.9828688555647496,2.9558520000136923,3.366946650038472,1.032463
radial,cnn1d,1,0.9851428571428572,0.9851236423249732,0.9851105952963304,5.466973500006134,6.02540080001859,3.111098
radial,cnn1d,2,1.0,1.0,1.0,7.2866855000484065,8.131257100046696,3.111098
radial,cnn1d,3,0.9977142857142856,0.9977167878645712,0.9977141784792736,6.373743499977991,8.12367115008783,3.111098
radial,cnn1d,4,0.9851428571428572,0.9851375082956818,0.985152049684473,5.867848499974571,6.5093149000119865,3.111098
radial,cnn1d,5,1.0,1.0,1.0,7.197383999994145,8.562481149954237,3.111098
radial,cnn2d,1,0.9977142857142856,0.99770880574452,0.997714123744736,4.899345999945126,5.872028950079766,0.927468
radial,cnn2d,2,0.9988571428571428,0.9988544705173776,0.998857115863812,5.363753999972687,6.149474649919285,0.927468
radial,cnn2d,3,0.9977142857142856,0.9977168815885652,0.9977142723103808,5.626047500072673,6.725240100053043,0.927468
radial,cnn2d,4,0.9965714285714286,0.9965712583819488,0.9965712943430852,6.582614500018735,6.839504449919787,0.927468
radial,cnn2d,5,0.9897025171624714,0.9897260140086566,0.9897025037432302,4.660207000029004,4.88136895001503,0.927468
